dataset,distinctive_for,rank,feature_idx,honest_mean,deceptive_mean,difference,ratio
insider-trading,deceptive,1,45068,0.683704674243927,0.773708164691925,0.09000349044799805,1.131640911102295
insider-trading,deceptive,2,25471,1.2866452932357788,1.3765339851379395,0.08988869190216064,1.0698628425598145
insider-trading,deceptive,3,34355,0.5275938510894775,0.608664333820343,0.08107048273086548,1.153660774230957
insider-trading,deceptive,4,64806,3.401960611343384,3.4829916954040527,0.08103108406066895,1.0238189697265625
insider-trading,deceptive,5,1106,1.9508895874023438,2.0284833908081055,0.07759380340576172,1.0397735834121704
insider-trading,deceptive,6,32063,2.712043285369873,2.789461612701416,0.07741832733154297,1.0285460948944092
insider-trading,deceptive,7,26912,2.491109609603882,2.566713333129883,0.07560372352600098,1.0303493738174438
insider-trading,deceptive,8,15272,2.0697999000549316,2.1431615352630615,0.07336163520812988,1.0354437828063965
insider-trading,deceptive,9,17596,1.1056768894195557,1.1786246299743652,0.07294774055480957,1.0659756660461426
insider-trading,deceptive,10,11274,1.4528412818908691,1.5236918926239014,0.07085061073303223,1.0487669706344604
insider-trading,deceptive,11,63555,1.2337238788604736,1.3032501935958862,0.0695263147354126,1.0563548803329468
insider-trading,deceptive,12,44320,0.7412323355674744,0.8101196885108948,0.06888735294342041,1.0929362773895264
insider-trading,deceptive,13,36526,1.5567857027053833,1.6253046989440918,0.0685189962387085,1.0440131425857544
insider-trading,deceptive,14,49016,0.5014322996139526,0.5695070624351501,0.06807476282119751,1.1357606649398804
insider-trading,deceptive,15,17226,1.2443755865097046,1.3116627931594849,0.06728720664978027,1.0540730953216553
insider-trading,deceptive,16,40023,1.0751501321792603,1.1424288749694824,0.06727874279022217,1.062576174736023
insider-trading,deceptive,17,17968,0.4127165377140045,0.47982874512672424,0.06711220741271973,1.1626108884811401
insider-trading,deceptive,18,32108,1.1935709714889526,1.260180115699768,0.06660914421081543,1.0558066368103027
insider-trading,deceptive,19,48900,1.3567612171173096,1.4221526384353638,0.0653914213180542,1.0481966733932495
insider-trading,deceptive,20,28870,3.227382183074951,3.292679786682129,0.06529760360717773,1.0202323198318481
insider-trading,deceptive,21,50893,0.8159239888191223,0.8811203241348267,0.06519633531570435,1.0799049139022827
insider-trading,deceptive,22,28805,1.701505184173584,1.7666083574295044,0.06510317325592041,1.038262128829956
insider-trading,deceptive,23,33122,1.0591349601745605,1.122886061668396,0.06375110149383545,1.0601916313171387
insider-trading,deceptive,24,26584,1.9787204265594482,2.0417091846466064,0.0629887580871582,1.0318330526351929
insider-trading,deceptive,25,63649,1.461066722869873,1.5238587856292725,0.06279206275939941,1.0429768562316895
insider-trading,deceptive,26,2186,1.3604404926300049,1.422864317893982,0.06242382526397705,1.0458849668502808
insider-trading,deceptive,27,10304,0.6224383115768433,0.6847407817840576,0.062302470207214355,1.100094199180603
insider-trading,deceptive,28,39944,0.36355316638946533,0.42545241117477417,0.06189924478530884,1.1702618598937988
insider-trading,deceptive,29,3520,1.3821581602096558,1.4436193704605103,0.06146121025085449,1.044467568397522
insider-trading,deceptive,30,30977,1.2588987350463867,1.3201690912246704,0.06127035617828369,1.0486698150634766
insider-trading,deceptive,31,18203,1.418238878250122,1.479117751121521,0.060878872871398926,1.0429257154464722
insider-trading,deceptive,32,17778,1.0189399719238281,1.0796900987625122,0.06075012683868408,1.0596208572387695
insider-trading,deceptive,33,16880,2.9199092388153076,2.9805898666381836,0.06068062782287598,1.0207816362380981
insider-trading,deceptive,34,4425,1.2393382787704468,1.2997288703918457,0.060390591621398926,1.048728108406067
insider-trading,deceptive,35,12532,1.3586666584014893,1.418931007385254,0.06026434898376465,1.0443555116653442
insider-trading,deceptive,36,29912,1.9124691486358643,1.9727051258087158,0.06023597717285156,1.0314964056015015
insider-trading,deceptive,37,13029,1.2593836784362793,1.3194198608398438,0.06003618240356445,1.0476710796356201
insider-trading,deceptive,38,43140,1.1895052194595337,1.2494292259216309,0.05992400646209717,1.0503772497177124
insider-trading,deceptive,39,59948,1.0021350383758545,1.0617635250091553,0.05962848663330078,1.0595014095306396
insider-trading,deceptive,40,11341,1.8231624364852905,1.8825013637542725,0.059338927268981934,1.0325472354888916
insider-trading,deceptive,41,19251,0.8071980476379395,0.8664427995681763,0.059244751930236816,1.0733956098556519
insider-trading,deceptive,42,63138,2.4843578338623047,2.5432791709899902,0.05892133712768555,1.023716926574707
insider-trading,deceptive,43,53077,0.5221034288406372,0.5808965563774109,0.05879312753677368,1.1126081943511963
insider-trading,deceptive,44,41393,2.108520984649658,2.167257070541382,0.05873608589172363,1.0278565883636475
insider-trading,deceptive,45,37287,1.8836429119110107,1.9422730207443237,0.05863010883331299,1.0311259031295776
insider-trading,deceptive,46,6207,1.1440808773040771,1.2024339437484741,0.05835306644439697,1.0510042905807495
insider-trading,deceptive,47,1924,0.6258360743522644,0.6839070916175842,0.058071017265319824,1.0927895307540894
insider-trading,deceptive,48,49678,1.0661667585372925,1.1240134239196777,0.057846665382385254,1.0542566776275635
insider-trading,deceptive,49,55608,1.4899754524230957,1.547637939453125,0.0576624870300293,1.0387003421783447
insider-trading,deceptive,50,15464,1.4414118528366089,1.498878836631775,0.057466983795166016,1.0398685932159424
insider-trading,honest,1,62099,0.8315559029579163,0.7092989683151245,-0.12225693464279175,0.8529781103134155
insider-trading,honest,2,61332,0.7162219285964966,0.6213551163673401,-0.0948668122291565,0.867545485496521
insider-trading,honest,3,12084,0.6360825300216675,0.5516444444656372,-0.08443808555603027,0.8672529458999634
insider-trading,honest,4,48135,0.9718283414840698,0.8933799266815186,-0.07844841480255127,0.9192774891853333
insider-trading,honest,5,52515,0.8369303345680237,0.7672116756439209,-0.06971865892410278,0.9166972041130066
insider-trading,honest,6,7184,0.9583326578140259,0.8886757493019104,-0.06965690851211548,0.9273144602775574
insider-trading,honest,7,31322,1.1708904504776,1.1026962995529175,-0.06819415092468262,0.9417587518692017
insider-trading,honest,8,2935,0.5339621305465698,0.46620115637779236,-0.06776097416877747,0.8730977773666382
insider-trading,honest,9,55595,1.2919021844863892,1.2279268503189087,-0.06397533416748047,0.9504797458648682
insider-trading,honest,10,22314,0.8831844329833984,0.820366621017456,-0.06281781196594238,0.9288734793663025
insider-trading,honest,11,48615,1.6758612394332886,1.6130832433700562,-0.06277799606323242,0.9625398516654968
insider-trading,honest,12,18407,1.5291054248809814,1.4666962623596191,-0.062409162521362305,0.9591858386993408
insider-trading,honest,13,13875,0.534669816493988,0.473443865776062,-0.061225950717926025,0.8854882717132568
insider-trading,honest,14,27433,0.7647151947021484,0.7041175961494446,-0.06059759855270386,0.9207579493522644
insider-trading,honest,15,9677,0.8410744667053223,0.780668318271637,-0.0604061484336853,0.9281798005104065
insider-trading,honest,16,47388,0.9784361124038696,0.9181187152862549,-0.060317397117614746,0.9383532404899597
insider-trading,honest,17,64739,0.6387999653816223,0.5787097811698914,-0.06009018421173096,0.9059327244758606
insider-trading,honest,18,46614,1.2331159114837646,1.173348069190979,-0.059767842292785645,0.9515310525894165
insider-trading,honest,19,53897,1.198241114616394,1.1389377117156982,-0.0593034029006958,0.9505079388618469
insider-trading,honest,20,58350,1.4390134811401367,1.3800098896026611,-0.059003591537475586,0.9589971899986267
insider-trading,honest,21,53364,1.2987537384033203,1.2399998903274536,-0.0587538480758667,0.9547613859176636
insider-trading,honest,22,32841,1.2208856344223022,1.162675380706787,-0.05821025371551514,0.9523212909698486
insider-trading,honest,23,21420,1.1571176052093506,1.099840521812439,-0.05727708339691162,0.9505001902580261
insider-trading,honest,24,45542,0.9509928822517395,0.8944589495658875,-0.05653393268585205,0.9405527114868164
insider-trading,honest,25,42202,0.7732799649238586,0.7170382738113403,-0.05624169111251831,0.9272686839103699
insider-trading,honest,26,54849,0.6589968800544739,0.6027690768241882,-0.056227803230285645,0.9146766662597656
insider-trading,honest,27,51183,4.650017261505127,4.593831539154053,-0.05618572235107422,0.9879170656204224
insider-trading,honest,28,59792,0.6674716472625732,0.6113760471343994,-0.05609560012817383,0.9159581065177917
insider-trading,honest,29,4446,1.444502592086792,1.3884403705596924,-0.05606222152709961,0.9611892700195312
insider-trading,honest,30,51152,0.7739653587341309,0.7182888388633728,-0.05567651987075806,0.9280632734298706
insider-trading,honest,31,25401,0.9738602042198181,0.9182922840118408,-0.055567920207977295,0.9429405331611633
insider-trading,honest,32,33436,1.8172330856323242,1.7617746591567993,-0.0554584264755249,0.9694819450378418
insider-trading,honest,33,55737,1.3672603368759155,1.3118078708648682,-0.05545246601104736,0.9594426155090332
insider-trading,honest,34,11926,0.684972882270813,0.6300192475318909,-0.05495363473892212,0.9197725653648376
insider-trading,honest,35,36347,1.6795765161514282,1.6247822046279907,-0.0547943115234375,0.9673761129379272
insider-trading,honest,36,38481,1.3155322074890137,1.2608239650726318,-0.054708242416381836,0.9584136009216309
insider-trading,honest,37,40927,1.4170483350753784,1.3625307083129883,-0.05451762676239014,0.9615273475646973
insider-trading,honest,38,35676,1.4583520889282227,1.4047926664352417,-0.05355942249298096,0.9632740020751953
insider-trading,honest,39,50636,1.5148788690567017,1.4613428115844727,-0.053536057472229004,0.9646598696708679
insider-trading,honest,40,61966,0.8669077157974243,0.8138903975486755,-0.05301731824874878,0.9388431906700134
insider-trading,honest,41,30241,1.509579062461853,1.4566909074783325,-0.05288815498352051,0.9649649858474731
insider-trading,honest,42,9351,1.3152297735214233,1.2625066041946411,-0.05272316932678223,0.9599133133888245
insider-trading,honest,43,41379,0.6242645382881165,0.5716077089309692,-0.05265682935714722,0.9156498312950134
insider-trading,honest,44,77,0.9840419888496399,0.9317767024040222,-0.052265286445617676,0.9468871355056763
insider-trading,honest,45,44584,0.45830050110816956,0.40610820055007935,-0.05219230055809021,0.8861177563667297
insider-trading,honest,46,26453,0.8159346580505371,0.7640126943588257,-0.051921963691711426,0.9363650679588318
insider-trading,honest,47,58667,0.6291740536689758,0.5773491263389587,-0.05182492733001709,0.9176301956176758
insider-trading,honest,48,48738,1.4023557901382446,1.3506250381469727,-0.05173075199127197,0.9631115198135376
insider-trading,honest,49,8722,0.9679417014122009,0.9162428975105286,-0.05169880390167236,0.946588933467865
insider-trading,honest,50,8485,0.8373210430145264,0.7858275771141052,-0.05149346590042114,0.9385021328926086
instructed-deception,deceptive,1,34806,2.9641225337982178,3.6914453506469727,0.7273228168487549,1.245375394821167
instructed-deception,deceptive,2,36173,0.5962441563606262,1.2750145196914673,0.6787703633308411,2.1384100914001465
instructed-deception,deceptive,3,870,3.641037940979004,4.22515869140625,0.5841207504272461,1.1604269742965698
instructed-deception,deceptive,4,8082,1.383023977279663,1.911119818687439,0.5280958414077759,1.3818414211273193
instructed-deception,deceptive,5,21331,0.7844692468643188,1.2922966480255127,0.5078274011611938,1.647351622581482
instructed-deception,deceptive,6,56753,0.7113127112388611,1.2093150615692139,0.4980023503303528,1.7001173496246338
instructed-deception,deceptive,7,28882,2.298959255218506,2.782245635986328,0.48328638076782227,1.2102196216583252
instructed-deception,deceptive,8,5501,0.4864133298397064,0.967109203338623,0.4806958734989166,1.9882457256317139
instructed-deception,deceptive,9,13392,0.6563191413879395,1.124282956123352,0.4679638147354126,1.7130125761032104
instructed-deception,deceptive,10,37890,1.4269120693206787,1.8766767978668213,0.4497647285461426,1.3152014017105103
instructed-deception,deceptive,11,14262,0.4703946113586426,0.9123153686523438,0.44192075729370117,1.9394681453704834
instructed-deception,deceptive,12,55739,2.5677013397216797,3.0031096935272217,0.435408353805542,1.1695712804794312
instructed-deception,deceptive,13,33626,1.5224933624267578,1.9575520753860474,0.43505871295928955,1.2857540845870972
instructed-deception,deceptive,14,15700,1.300001859664917,1.7321217060089111,0.43211984634399414,1.3323993682861328
instructed-deception,deceptive,15,207,1.2717663049697876,1.6999348402023315,0.42816853523254395,1.336672306060791
instructed-deception,deceptive,16,30899,0.5937681198120117,1.019241452217102,0.42547333240509033,1.7165647745132446
instructed-deception,deceptive,17,50821,1.545788049697876,1.9690707921981812,0.4232827425003052,1.273829698562622
instructed-deception,deceptive,18,51605,1.6169401407241821,2.0388147830963135,0.42187464237213135,1.2609091997146606
instructed-deception,deceptive,19,8805,1.0535961389541626,1.4713718891143799,0.4177757501602173,1.3965235948562622
instructed-deception,deceptive,20,35604,0.651007890701294,1.0682778358459473,0.4172699451446533,1.6409598588943481
instructed-deception,deceptive,21,33332,1.5966719388961792,2.006531238555908,0.409859299659729,1.2566959857940674
instructed-deception,deceptive,22,38408,2.6260340213775635,3.0288658142089844,0.4028317928314209,1.1533993482589722
instructed-deception,deceptive,23,33123,0.6668512225151062,1.0681525468826294,0.4013013243675232,1.60178542137146
instructed-deception,deceptive,24,13785,0.8691263198852539,1.2698324918746948,0.4007061719894409,1.4610447883605957
instructed-deception,deceptive,25,63555,1.1046910285949707,1.5001415014266968,0.3954504728317261,1.3579738140106201
instructed-deception,deceptive,26,16880,2.8764922618865967,3.2682228088378906,0.39173054695129395,1.1361833810806274
instructed-deception,deceptive,27,23016,1.416563868522644,1.804636001586914,0.38807213306427,1.2739531993865967
instructed-deception,deceptive,28,46811,1.5973904132843018,1.9820207357406616,0.38463032245635986,1.2407866716384888
instructed-deception,deceptive,29,13594,1.288166880607605,1.6717082262039185,0.3835413455963135,1.2977420091629028
instructed-deception,deceptive,30,36005,1.067973017692566,1.450802206993103,0.3828291893005371,1.3584634065628052
instructed-deception,deceptive,31,2068,2.231236457824707,2.612816095352173,0.3815796375274658,1.1710171699523926
instructed-deception,deceptive,32,62453,0.7531574368476868,1.133576512336731,0.3804190754890442,1.5050990581512451
instructed-deception,deceptive,33,16921,0.9590269327163696,1.3374103307724,0.3783833980560303,1.3945492506027222
instructed-deception,deceptive,34,31701,2.5467097759246826,2.9243531227111816,0.377643346786499,1.1482868194580078
instructed-deception,deceptive,35,41644,0.5037252902984619,0.8811201453208923,0.3773948550224304,1.7492077350616455
instructed-deception,deceptive,36,57366,2.903996467590332,3.2778942584991455,0.3738977909088135,1.1287528276443481
instructed-deception,deceptive,37,26885,1.295433521270752,1.6691439151763916,0.37371039390563965,1.288482904434204
instructed-deception,deceptive,38,40957,0.6225889921188354,0.9940952062606812,0.3715062141418457,1.5967118740081787
instructed-deception,deceptive,39,13394,1.1604899168014526,1.531711220741272,0.37122130393981934,1.3198832273483276
instructed-deception,deceptive,40,34719,1.6798228025436401,2.0501492023468018,0.3703263998031616,1.2204556465148926
instructed-deception,deceptive,41,22580,2.741304397583008,3.111117124557495,0.3698127269744873,1.134903907775879
instructed-deception,deceptive,42,35793,0.53425133228302,0.9031933546066284,0.3689420223236084,1.6905776262283325
instructed-deception,deceptive,43,12422,1.5252878665924072,1.893368124961853,0.3680802583694458,1.2413185834884644
instructed-deception,deceptive,44,25766,0.8846465349197388,1.2494704723358154,0.36482393741607666,1.4123951196670532
instructed-deception,deceptive,45,6220,0.5874630212783813,0.9478997588157654,0.36043673753738403,1.613547921180725
instructed-deception,deceptive,46,65298,1.3705124855041504,1.7290619611740112,0.35854947566986084,1.2616170644760132
instructed-deception,deceptive,47,6687,1.6352059841156006,1.9931575059890747,0.3579515218734741,1.2189030647277832
instructed-deception,deceptive,48,25804,1.37061607837677,1.7275561094284058,0.35694003105163574,1.2604230642318726
instructed-deception,deceptive,49,10478,1.8622376918792725,2.217690944671631,0.3554532527923584,1.1908742189407349
instructed-deception,deceptive,50,796,1.240344762802124,1.5950472354888916,0.3547024726867676,1.28597092628479
instructed-deception,honest,1,12210,1.0168217420578003,0.4152143597602844,-0.6016073822975159,0.4083452820777893
instructed-deception,honest,2,4029,1.0784434080123901,0.5007550716400146,-0.5776883363723755,0.46433132886886597
instructed-deception,honest,3,64739,0.7187768220901489,0.15299053490161896,-0.5657863020896912,0.2128484547138214
instructed-deception,honest,4,34442,1.2129443883895874,0.6625568270683289,-0.5503875613212585,0.5462384223937988
instructed-deception,honest,5,42853,0.7463865280151367,0.1987772434949875,-0.547609269618988,0.2663194537162781
instructed-deception,honest,6,17490,0.7183937430381775,0.17754574120044708,-0.5408480167388916,0.24714265763759613
instructed-deception,honest,7,47448,0.8063547015190125,0.2662155032157898,-0.5401391983032227,0.3301469087600708
instructed-deception,honest,8,11617,1.644775390625,1.109074354171753,-0.5357010364532471,0.6743013858795166
instructed-deception,honest,9,38287,1.1173774003982544,0.6039556860923767,-0.5134217143058777,0.5405117869377136
instructed-deception,honest,10,39898,1.2526220083236694,0.7547367811203003,-0.49788522720336914,0.6025255918502808
instructed-deception,honest,11,18207,0.7805015444755554,0.29224586486816406,-0.48825567960739136,0.3744334280490875
instructed-deception,honest,12,17132,0.6857276558876038,0.19794486463069916,-0.4877827763557434,0.28866395354270935
instructed-deception,honest,13,33959,0.8547250628471375,0.3815321624279022,-0.47319290041923523,0.44637998938560486
instructed-deception,honest,14,34750,0.8548848032951355,0.3970721960067749,-0.4578126072883606,0.46447449922561646
instructed-deception,honest,15,6013,1.2608251571655273,0.807303249835968,-0.4535219073295593,0.640297532081604
instructed-deception,honest,16,29901,0.8592084646224976,0.40757426619529724,-0.4516341984272003,0.4743601679801941
instructed-deception,honest,17,60774,0.8554751873016357,0.41237887740135193,-0.4430963099002838,0.48204657435417175
instructed-deception,honest,18,24684,1.087722897529602,0.6450600624084473,-0.4426628351211548,0.5930371284484863
instructed-deception,honest,19,30052,1.6263341903686523,1.1972784996032715,-0.42905569076538086,0.7361823320388794
instructed-deception,honest,20,22314,0.8269109129905701,0.3995884358882904,-0.42732247710227966,0.483230322599411
instructed-deception,honest,21,19251,0.7181696891784668,0.3011664152145386,-0.4170032739639282,0.4193527102470398
instructed-deception,honest,22,41232,0.878632128238678,0.4713565409183502,-0.40727558732032776,0.5364663004875183
instructed-deception,honest,23,27245,0.7131413221359253,0.317139595746994,-0.3960017263889313,0.4447079300880432
instructed-deception,honest,24,3315,0.7884036302566528,0.39414215087890625,-0.3942614793777466,0.49992433190345764
instructed-deception,honest,25,57701,0.5509948134422302,0.1681973785161972,-0.3827974200248718,0.3052612841129303
instructed-deception,honest,26,33929,0.8019388914108276,0.4196412265300751,-0.38229766488075256,0.5232833027839661
instructed-deception,honest,27,25062,1.3098810911178589,0.9280659556388855,-0.3818151354789734,0.7085115909576416
instructed-deception,honest,28,59156,0.9126257300376892,0.53105628490448,-0.38156944513320923,0.5818992853164673
instructed-deception,honest,29,18316,1.3780747652053833,0.9965159893035889,-0.38155877590179443,0.7231218814849854
instructed-deception,honest,30,20947,1.8390142917633057,1.457594633102417,-0.38141965866088867,0.792595624923706
instructed-deception,honest,31,42834,0.8282310962677002,0.4487346112728119,-0.3794964849948883,0.5417987704277039
instructed-deception,honest,32,34546,1.4396381378173828,1.0628069639205933,-0.37683117389678955,0.7382459044456482
instructed-deception,honest,33,13215,0.8967586159706116,0.5212259292602539,-0.37553268671035767,0.5812332630157471
instructed-deception,honest,34,64434,1.013166904449463,0.6408591866493225,-0.3723077178001404,0.632530689239502
instructed-deception,honest,35,8939,1.1771180629730225,0.8066818714141846,-0.3704361915588379,0.6853024363517761
instructed-deception,honest,36,11790,1.054652214050293,0.6863121390342712,-0.36834007501602173,0.6507473587989807
instructed-deception,honest,37,60067,2.103649854660034,1.7368793487548828,-0.36677050590515137,0.8256503939628601
instructed-deception,honest,38,41630,0.9843100905418396,0.6204224228858948,-0.3638876676559448,0.6303119659423828
instructed-deception,honest,39,23440,1.9914124011993408,1.6280113458633423,-0.36340105533599854,0.8175159096717834
instructed-deception,honest,40,23017,0.8206180334091187,0.45899859070777893,-0.3616194427013397,0.5593327879905701
instructed-deception,honest,41,47075,1.0919675827026367,0.7305775284767151,-0.36139005422592163,0.6690468788146973
instructed-deception,honest,42,4366,0.7356623411178589,0.3818969428539276,-0.3537653982639313,0.5191198587417603
instructed-deception,honest,43,5079,1.6521782875061035,1.2986376285552979,-0.35354065895080566,0.7860154509544373
instructed-deception,honest,44,47388,0.8687166571617126,0.5159298181533813,-0.3527868390083313,0.5938988327980042
instructed-deception,honest,45,61578,0.6018651127815247,0.2511097490787506,-0.35075536370277405,0.4172193109989166
instructed-deception,honest,46,16576,1.1687424182891846,0.8206449747085571,-0.34809744358062744,0.702160656452179
instructed-deception,honest,47,18225,1.4313660860061646,1.0837507247924805,-0.3476153612136841,0.7571443319320679
instructed-deception,honest,48,19744,1.1764264106750488,0.8326593637466431,-0.34376704692840576,0.707787036895752
instructed-deception,honest,49,54307,1.6266168355941772,1.2847278118133545,-0.34188902378082275,0.7898159027099609
instructed-deception,honest,50,49538,0.7810395359992981,0.44510290026664734,-0.33593663573265076,0.56988525390625
convincing-game,deceptive,1,34806,3.421004295349121,4.500327110290527,1.0793228149414062,1.3154988288879395
convincing-game,deceptive,2,10008,0.5022663474082947,1.1617275476455688,0.6594612002372742,2.3129711151123047
convincing-game,deceptive,3,9890,0.9557871222496033,1.6036540269851685,0.6478669047355652,1.6778359413146973
convincing-game,deceptive,4,49442,1.8619149923324585,2.401724100112915,0.5398091077804565,1.2899214029312134
convincing-game,deceptive,5,11434,1.103594183921814,1.619532585144043,0.515938401222229,1.4675073623657227
convincing-game,deceptive,6,37104,1.3888193368911743,1.8932642936706543,0.50444495677948,1.3632185459136963
convincing-game,deceptive,7,10380,0.421800822019577,0.9176637530326843,0.4958629310131073,2.1755855083465576
convincing-game,deceptive,8,34090,1.153300404548645,1.644415259361267,0.49111485481262207,1.42583429813385
convincing-game,deceptive,9,53172,0.8765726685523987,1.363542914390564,0.4869702458381653,1.5555388927459717
convincing-game,deceptive,10,656,0.959807813167572,1.44264554977417,0.4828377366065979,1.5030566453933716
convincing-game,deceptive,11,31738,1.8579527139663696,2.3307013511657715,0.47274863719940186,1.254446029663086
convincing-game,deceptive,12,13689,1.3524436950683594,1.8227709531784058,0.4703272581100464,1.3477610349655151
convincing-game,deceptive,13,62440,0.9903422594070435,1.4541866779327393,0.4638444185256958,1.4683678150177002
convincing-game,deceptive,14,4724,1.0011450052261353,1.4639424085617065,0.4627974033355713,1.4622681140899658
convincing-game,deceptive,15,51183,4.036773681640625,4.496103286743164,0.45932960510253906,1.1137863397598267
convincing-game,deceptive,16,31322,1.7136900424957275,2.172544240951538,0.45885419845581055,1.2677580118179321
convincing-game,deceptive,17,44903,0.9638068079948425,1.4177451133728027,0.4539383053779602,1.470984697341919
convincing-game,deceptive,18,61739,0.7075988054275513,1.152357816696167,0.4447590112686157,1.6285468339920044
convincing-game,deceptive,19,22251,0.376415491104126,0.8188310265541077,0.4424155354499817,2.1753382682800293
convincing-game,deceptive,20,20320,1.5011969804763794,1.942512035369873,0.44131505489349365,1.2939754724502563
convincing-game,deceptive,21,16842,1.2084540128707886,1.648919939994812,0.44046592712402344,1.3644871711730957
convincing-game,deceptive,22,15424,0.4238133430480957,0.8614234924316406,0.4376101493835449,2.0325539112091064
convincing-game,deceptive,23,48661,0.9807486534118652,1.4179329872131348,0.43718433380126953,1.4457659721374512
convincing-game,deceptive,24,62893,0.9716391563415527,1.4025013446807861,0.4308621883392334,1.4434385299682617
convincing-game,deceptive,25,48136,1.0492945909500122,1.4784491062164307,0.42915451526641846,1.4089933633804321
convincing-game,deceptive,26,46941,1.3528363704681396,1.781259536743164,0.4284231662750244,1.3166850805282593
convincing-game,deceptive,27,53776,0.8928405046463013,1.3181670904159546,0.4253265857696533,1.476374626159668
convincing-game,deceptive,28,885,1.7747745513916016,2.198260545730591,0.42348599433898926,1.2386139631271362
convincing-game,deceptive,29,13608,0.7838217616081238,1.2024208307266235,0.41859906911849976,1.5340487957000732
convincing-game,deceptive,30,19316,1.6461782455444336,2.062354326248169,0.41617608070373535,1.252813458442688
convincing-game,deceptive,31,9802,1.466012954711914,1.878629207611084,0.4126162528991699,1.2814546823501587
convincing-game,deceptive,32,42899,1.150988221168518,1.5634119510650635,0.4124237298965454,1.3583214282989502
convincing-game,deceptive,33,22104,1.291452169418335,1.703802466392517,0.41235029697418213,1.3192919492721558
convincing-game,deceptive,34,57521,0.8637987971305847,1.2753111124038696,0.4115123152732849,1.4763983488082886
convincing-game,deceptive,35,4047,1.4004024267196655,1.811801791191101,0.41139936447143555,1.2937722206115723
convincing-game,deceptive,36,11870,1.7822761535644531,2.1917507648468018,0.40947461128234863,1.2297481298446655
convincing-game,deceptive,37,27335,0.7080312967300415,1.1131823062896729,0.40515100955963135,1.5722218751907349
convincing-game,deceptive,38,64231,1.7302935123443604,2.1340725421905518,0.4037790298461914,1.2333587408065796
convincing-game,deceptive,39,28157,1.3023490905761719,1.7026550769805908,0.40030598640441895,1.3073722124099731
convincing-game,deceptive,40,63002,1.6387215852737427,2.0356929302215576,0.39697134494781494,1.2422444820404053
convincing-game,deceptive,41,38481,1.4455302953720093,1.8410894870758057,0.3955591917037964,1.2736430168151855
convincing-game,deceptive,42,34419,1.4532690048217773,1.8482308387756348,0.3949618339538574,1.2717747688293457
convincing-game,deceptive,43,42624,0.6445266008377075,1.039290189743042,0.3947635889053345,1.6124861240386963
convincing-game,deceptive,44,47674,1.8222519159317017,2.2155022621154785,0.39325034618377686,1.2158045768737793
convincing-game,deceptive,45,61771,1.4585388898849487,1.8506264686584473,0.39208757877349854,1.268822193145752
convincing-game,deceptive,46,57249,2.4156384468078613,2.8040599822998047,0.38842153549194336,1.1607946157455444
convincing-game,deceptive,47,29064,1.4624574184417725,1.8476828336715698,0.38522541522979736,1.2634096145629883
convincing-game,deceptive,48,31379,1.5975326299667358,1.9809653759002686,0.3834327459335327,1.2400156259536743
convincing-game,deceptive,49,37861,0.3918167054653168,0.7721216082572937,0.38030490279197693,1.9706194400787354
convincing-game,deceptive,50,21570,0.7407693266868591,1.119331955909729,0.3785626292228699,1.5110398530960083
convincing-game,honest,1,64806,6.794969081878662,4.322350978851318,-2.4726181030273438,0.6361104846000671
convincing-game,honest,2,11658,4.550252914428711,3.3004913330078125,-1.2497615814208984,0.7253423929214478
convincing-game,honest,3,386,2.5756592750549316,1.8131033182144165,-0.7625559568405151,0.7039375901222229
convincing-game,honest,4,38767,1.2247035503387451,0.5176284313201904,-0.7070751190185547,0.4226561188697815
convincing-game,honest,5,42755,2.685647487640381,2.000251531600952,-0.6853959560394287,0.7447930574417114
convincing-game,honest,6,30377,1.439021348953247,0.7617176175117493,-0.6773037314414978,0.529330313205719
convincing-game,honest,7,46753,1.4491952657699585,0.7856720089912415,-0.663523256778717,0.5421436429023743
convincing-game,honest,8,33381,2.500894069671631,1.8513892889022827,-0.6495047807693481,0.7402909398078918
convincing-game,honest,9,12069,1.8154990673065186,1.1909584999084473,-0.6245405673980713,0.6559951305389404
convincing-game,honest,10,17819,1.1689358949661255,0.5464092493057251,-0.6225266456604004,0.467441588640213
convincing-game,honest,11,50593,2.1515533924102783,1.5402823686599731,-0.6112710237503052,0.7158931493759155
convincing-game,honest,12,34542,1.3901474475860596,0.7840730547904968,-0.6060743927955627,0.5640215277671814
convincing-game,honest,13,30570,2.2552273273468018,1.652114748954773,-0.6031125783920288,0.7325712442398071
convincing-game,honest,14,26162,1.3695706129074097,0.7689242362976074,-0.6006463766098022,0.5614345073699951
convincing-game,honest,15,4432,3.344423532485962,2.7459616661071777,-0.5984618663787842,0.8210567831993103
convincing-game,honest,16,39254,1.6335139274597168,1.0422098636627197,-0.5913040637969971,0.6380171179771423
convincing-game,honest,17,16426,2.549374580383301,1.9647502899169922,-0.5846242904663086,0.7706793546676636
convincing-game,honest,18,58163,2.41711163520813,1.8340106010437012,-0.5831010341644287,0.7587612271308899
convincing-game,honest,19,36187,1.5891674757003784,1.0067633390426636,-0.5824041366577148,0.6335161924362183
convincing-game,honest,20,43334,2.4637198448181152,1.882185935974121,-0.5815339088439941,0.7639610171318054
convincing-game,honest,21,64183,1.670979619026184,1.0922795534133911,-0.578700065612793,0.6536761522293091
convincing-game,honest,22,3220,2.5976035594940186,2.019261121749878,-0.5783424377441406,0.7773553729057312
convincing-game,honest,23,43691,1.367291808128357,0.7907069325447083,-0.5765848755836487,0.5783015489578247
convincing-game,honest,24,6815,1.0310806035995483,0.455965131521225,-0.575115442276001,0.44222065806388855
convincing-game,honest,25,29901,0.9995323419570923,0.4325108826160431,-0.5670214891433716,0.43271324038505554
convincing-game,honest,26,803,1.5232714414596558,0.959745466709137,-0.5635259747505188,0.6300554275512695
convincing-game,honest,27,30451,1.0906277894973755,0.5309986472129822,-0.5596291422843933,0.4868743121623993
convincing-game,honest,28,3138,0.9339338541030884,0.3746029734611511,-0.5593308806419373,0.4011022448539734
convincing-game,honest,29,2571,1.8555701971054077,1.2996708154678345,-0.5558993816375732,0.700415849685669
convincing-game,honest,30,52426,1.564469575881958,1.0088951587677002,-0.5555744171142578,0.6448799967765808
convincing-game,honest,31,25817,2.4131107330322266,1.8577377796173096,-0.555372953414917,0.7698518633842468
convincing-game,honest,32,167,1.3206260204315186,0.7674193978309631,-0.5532066226005554,0.581102728843689
convincing-game,honest,33,40965,2.350917339324951,1.7989466190338135,-0.5519707202911377,0.7652105093002319
convincing-game,honest,34,1594,2.7678110599517822,2.2166833877563477,-0.5511276721954346,0.8008795976638794
convincing-game,honest,35,13124,1.850470781326294,1.3032186031341553,-0.5472521781921387,0.7042632699012756
convincing-game,honest,36,18500,1.0467565059661865,0.5006892085075378,-0.5460672974586487,0.47832444310188293
convincing-game,honest,37,55671,1.3562700748443604,0.8102229237556458,-0.5460471510887146,0.5973905324935913
convincing-game,honest,38,55043,1.795535922050476,1.2511370182037354,-0.5443989038467407,0.6968042254447937
convincing-game,honest,39,10272,2.535318613052368,1.9911149740219116,-0.5442036390304565,0.7853509783744812
convincing-game,honest,40,42498,1.889831304550171,1.3457449674606323,-0.5440863370895386,0.7120979428291321
convincing-game,honest,41,59210,1.1467456817626953,0.6034444570541382,-0.5433012247085571,0.5262234210968018
convincing-game,honest,42,41813,1.1517701148986816,0.6105937361717224,-0.5411763787269592,0.5301350951194763
convincing-game,honest,43,18127,2.0946688652038574,1.5575954914093018,-0.5370733737945557,0.7435998916625977
convincing-game,honest,44,25974,1.8349450826644897,1.3066465854644775,-0.5282984972000122,0.7120903134346008
convincing-game,honest,45,5911,1.2615759372711182,0.7350322604179382,-0.5265436768531799,0.5826302170753479
convincing-game,honest,46,15858,2.1826319694519043,1.6566917896270752,-0.5259401798248291,0.7590339779853821
convincing-game,honest,47,11422,1.736480474472046,1.213771104812622,-0.5227093696594238,0.6989834308624268
convincing-game,honest,48,55412,1.6013821363449097,1.0787309408187866,-0.522651195526123,0.6736249327659607
convincing-game,honest,49,676,1.5728890895843506,1.050416111946106,-0.5224729776382446,0.6678259372711182
convincing-game,honest,50,23196,2.648970603942871,2.1269547939300537,-0.5220158100128174,0.8029363751411438
harm-pressure-choice,deceptive,1,13608,0.2900598347187042,0.5304999351501465,0.24044010043144226,1.828932762145996
harm-pressure-choice,deceptive,2,32354,0.810199499130249,1.0207022428512573,0.2105027437210083,1.2598159313201904
harm-pressure-choice,deceptive,3,25864,2.3301990032196045,2.5380287170410156,0.20782971382141113,1.0891896486282349
harm-pressure-choice,deceptive,4,62827,0.509625256061554,0.7053965330123901,0.19577127695083618,1.3841475248336792
harm-pressure-choice,deceptive,5,675,0.9686484932899475,1.148876667022705,0.18022817373275757,1.1860615015029907
harm-pressure-choice,deceptive,6,15562,0.48524758219718933,0.6491712927818298,0.1639237105846405,1.3378145694732666
harm-pressure-choice,deceptive,7,43045,1.6280903816223145,1.7910064458847046,0.16291606426239014,1.1000657081604004
harm-pressure-choice,deceptive,8,32860,0.5882324576377869,0.7483840584754944,0.16015160083770752,1.272258996963501
harm-pressure-choice,deceptive,9,44215,0.8593494892120361,1.0187231302261353,0.15937364101409912,1.1854584217071533
harm-pressure-choice,deceptive,10,4724,0.9527068734169006,1.111171841621399,0.1584649682044983,1.1663312911987305
harm-pressure-choice,deceptive,11,9676,0.17747379839420319,0.3354668915271759,0.15799309313297272,1.8902333974838257
harm-pressure-choice,deceptive,12,39397,0.7598758339881897,0.9154862761497498,0.15561044216156006,1.2047840356826782
harm-pressure-choice,deceptive,13,34724,0.5774279236793518,0.7319459915161133,0.15451806783676147,1.2675971984863281
harm-pressure-choice,deceptive,14,41604,0.574393093585968,0.7270980477333069,0.15270495414733887,1.2658544778823853
harm-pressure-choice,deceptive,15,3664,1.9082293510437012,2.0584475994110107,0.15021824836730957,1.078721284866333
harm-pressure-choice,deceptive,16,54755,0.7738418579101562,0.923271894454956,0.1494300365447998,1.1931015253067017
harm-pressure-choice,deceptive,17,63004,1.5455012321472168,1.6908810138702393,0.14537978172302246,1.0940663814544678
harm-pressure-choice,deceptive,18,7432,0.3082016706466675,0.4531170725822449,0.1449154019355774,1.4701967239379883
harm-pressure-choice,deceptive,19,39963,0.3762720227241516,0.5194718241691589,0.14319980144500732,1.380575180053711
harm-pressure-choice,deceptive,20,12300,1.1328667402267456,1.2746936082839966,0.14182686805725098,1.1251928806304932
harm-pressure-choice,deceptive,21,19241,0.4555134177207947,0.5968946814537048,0.14138126373291016,1.310377836227417
harm-pressure-choice,deceptive,22,42804,0.7661553025245667,0.9074769616127014,0.14132165908813477,1.1844556331634521
harm-pressure-choice,deceptive,23,851,0.9398279190063477,1.0785210132598877,0.13869309425354004,1.1475728750228882
harm-pressure-choice,deceptive,24,53890,0.7136666178703308,0.8508424162864685,0.1371757984161377,1.192212700843811
harm-pressure-choice,deceptive,25,3392,2.050527811050415,2.1873223781585693,0.1367945671081543,1.0667119026184082
harm-pressure-choice,deceptive,26,40606,0.9702420830726624,1.106637716293335,0.1363956332206726,1.1405789852142334
harm-pressure-choice,deceptive,27,11004,1.5133476257324219,1.6481300592422485,0.13478243350982666,1.0890624523162842
harm-pressure-choice,deceptive,28,41532,3.0071310997009277,3.141103506088257,0.1339724063873291,1.0445516109466553
harm-pressure-choice,deceptive,29,30432,0.47863733768463135,0.6124477386474609,0.1338104009628296,1.2795653343200684
harm-pressure-choice,deceptive,30,33072,0.7786699533462524,0.9118183255195618,0.13314837217330933,1.1709946393966675
harm-pressure-choice,deceptive,31,19937,1.5393134355545044,1.6718250513076782,0.13251161575317383,1.0860848426818848
harm-pressure-choice,deceptive,32,1130,0.6663060188293457,0.7984717488288879,0.13216572999954224,1.1983559131622314
harm-pressure-choice,deceptive,33,26784,1.9763593673706055,2.108376979827881,0.1320176124572754,1.0667983293533325
harm-pressure-choice,deceptive,34,6125,0.3004510700702667,0.4320860505104065,0.13163498044013977,1.4381245374679565
harm-pressure-choice,deceptive,35,4532,1.5704821348190308,1.7020106315612793,0.13152849674224854,1.0837503671646118
harm-pressure-choice,deceptive,36,38820,0.5376554727554321,0.6687464118003845,0.1310909390449524,1.2438195943832397
harm-pressure-choice,deceptive,37,9253,0.8119688034057617,0.9425519704818726,0.13058316707611084,1.160822868347168
harm-pressure-choice,deceptive,38,41223,0.7103042006492615,0.8406976461410522,0.13039344549179077,1.1835740804672241
harm-pressure-choice,deceptive,39,49563,0.481807142496109,0.6113102436065674,0.12950310111045837,1.2687861919403076
harm-pressure-choice,deceptive,40,6379,0.4766249358654022,0.6054224967956543,0.12879756093025208,1.270228385925293
harm-pressure-choice,deceptive,41,57266,0.5319228172302246,0.6605960130691528,0.12867319583892822,1.2419019937515259
harm-pressure-choice,deceptive,42,13105,0.9230712056159973,1.0516877174377441,0.12861651182174683,1.1393353939056396
harm-pressure-choice,deceptive,43,44620,0.8225592970848083,0.9502142667770386,0.12765496969223022,1.1551923751831055
harm-pressure-choice,deceptive,44,59753,0.3174830377101898,0.444020539522171,0.1265375018119812,1.3985645771026611
harm-pressure-choice,deceptive,45,21310,0.8889090418815613,1.0150468349456787,0.12613779306411743,1.1419018507003784
harm-pressure-choice,deceptive,46,45051,0.6989389657974243,0.8247920870780945,0.12585312128067017,1.1800631284713745
harm-pressure-choice,deceptive,47,50079,0.36913684010505676,0.4947287142276764,0.12559187412261963,1.34023118019104
harm-pressure-choice,deceptive,48,15402,0.9083570241928101,1.0333722829818726,0.1250152587890625,1.1376278400421143
harm-pressure-choice,deceptive,49,2069,0.5056716203689575,0.6296991109848022,0.12402749061584473,1.2452727556228638
harm-pressure-choice,deceptive,50,41496,0.9362494349479675,1.0596427917480469,0.12339335680007935,1.1317954063415527
harm-pressure-choice,honest,1,55209,3.4292831420898438,3.0597214698791504,-0.36956167221069336,0.8922335505485535
harm-pressure-choice,honest,2,4730,2.4274802207946777,2.1500024795532227,-0.2774777412414551,0.8856930732727051
harm-pressure-choice,honest,3,47503,0.6021936535835266,0.3359535336494446,-0.26624011993408203,0.5578829050064087
harm-pressure-choice,honest,4,24548,0.8805404901504517,0.6672130227088928,-0.21332746744155884,0.7577311992645264
harm-pressure-choice,honest,5,11803,0.5647985935211182,0.35843023657798767,-0.2063683569431305,0.6346160173416138
harm-pressure-choice,honest,6,16368,0.36346229910850525,0.1585468202829361,-0.20491547882556915,0.43621256947517395
harm-pressure-choice,honest,7,11658,2.304795265197754,2.107581377029419,-0.19721388816833496,0.9144332408905029
harm-pressure-choice,honest,8,39254,2.204298257827759,2.0095303058624268,-0.19476795196533203,0.9116417169570923
harm-pressure-choice,honest,9,59210,0.5467438101768494,0.3526127338409424,-0.19413107633590698,0.6449322700500488
harm-pressure-choice,honest,10,30226,1.4569963216781616,1.2642349004745483,-0.19276142120361328,0.8676994442939758
harm-pressure-choice,honest,11,27482,1.0160506963729858,0.8245243430137634,-0.1915263533592224,0.8114992380142212
harm-pressure-choice,honest,12,215,1.2449535131454468,1.0562561750411987,-0.18869733810424805,0.8484302163124084
harm-pressure-choice,honest,13,34947,0.9090824127197266,0.7309798002243042,-0.17810261249542236,0.8040853142738342
harm-pressure-choice,honest,14,24153,1.3944686651229858,1.2169432640075684,-0.17752540111541748,0.8726931810379028
harm-pressure-choice,honest,15,53935,0.670499324798584,0.4934762418270111,-0.17702308297157288,0.7359831929206848
harm-pressure-choice,honest,16,31163,0.3597833216190338,0.1830524206161499,-0.1767309010028839,0.5087851881980896
harm-pressure-choice,honest,17,3035,0.8395744562149048,0.6631971001625061,-0.17637735605239868,0.7899205088615417
harm-pressure-choice,honest,18,36502,1.9909274578094482,1.8176674842834473,-0.17325997352600098,0.9129752516746521
harm-pressure-choice,honest,19,57200,0.8752951622009277,0.7025102972984314,-0.17278486490249634,0.8025981783866882
harm-pressure-choice,honest,20,45875,0.32960954308509827,0.158675879240036,-0.17093366384506226,0.4814055860042572
harm-pressure-choice,honest,21,46022,0.4295978248119354,0.2600175142288208,-0.16958031058311462,0.6052579879760742
harm-pressure-choice,honest,22,53424,1.3600702285766602,1.191481351852417,-0.16858887672424316,0.876043975353241
harm-pressure-choice,honest,23,13615,0.6326857209205627,0.46537575125694275,-0.16730996966362,0.7355559468269348
harm-pressure-choice,honest,24,58353,1.0522884130477905,0.8857447504997253,-0.16654366254806519,0.8417319059371948
harm-pressure-choice,honest,25,44341,0.5128796100616455,0.3465255796909332,-0.16635403037071228,0.6756470203399658
harm-pressure-choice,honest,26,49989,1.3396075963974,1.1738348007202148,-0.16577279567718506,0.8762527108192444
harm-pressure-choice,honest,27,3006,2.1150169372558594,1.9494879245758057,-0.1655290126800537,0.9217362999916077
harm-pressure-choice,honest,28,42065,0.6561213731765747,0.49065831303596497,-0.16546306014060974,0.7478163838386536
harm-pressure-choice,honest,29,35879,1.9053963422775269,1.740279197692871,-0.16511714458465576,0.9133423566818237
harm-pressure-choice,honest,30,38857,0.880592405796051,0.7162579894065857,-0.16433441638946533,0.8133819699287415
harm-pressure-choice,honest,31,35243,1.501603603363037,1.3372818231582642,-0.16432178020477295,0.8905691504478455
harm-pressure-choice,honest,32,13482,1.537423014640808,1.3744637966156006,-0.16295921802520752,0.8940049409866333
harm-pressure-choice,honest,33,34663,1.5507442951202393,1.3886330127716064,-0.1621112823486328,0.8954622745513916
harm-pressure-choice,honest,34,40355,1.2012232542037964,1.0391889810562134,-0.162034273147583,0.8651089668273926
harm-pressure-choice,honest,35,3548,1.6694657802581787,1.5091522932052612,-0.16031348705291748,0.9039731621742249
harm-pressure-choice,honest,36,12387,1.294010877609253,1.1346122026443481,-0.15939867496490479,0.8768181204795837
harm-pressure-choice,honest,37,57682,1.018964409828186,0.8597608804702759,-0.15920352935791016,0.8437594771385193
harm-pressure-choice,honest,38,46860,0.9901613593101501,0.8319015502929688,-0.1582598090171814,0.8401676416397095
harm-pressure-choice,honest,39,54724,1.2886319160461426,1.1314576864242554,-0.1571742296218872,0.8780301809310913
harm-pressure-choice,honest,40,39713,0.37381869554519653,0.2172151505947113,-0.15660354495048523,0.5810708403587341
harm-pressure-choice,honest,41,61242,0.4349381923675537,0.2786708474159241,-0.15626734495162964,0.6407136917114258
harm-pressure-choice,honest,42,16160,0.8439242243766785,0.6891151666641235,-0.15480905771255493,0.8165604472160339
harm-pressure-choice,honest,43,29998,0.7714928388595581,0.6169580221176147,-0.15453481674194336,0.799693763256073
harm-pressure-choice,honest,44,15016,1.1942507028579712,1.0398210287094116,-0.15442967414855957,0.8706890940666199
harm-pressure-choice,honest,45,57738,0.8199006915092468,0.6655825972557068,-0.15431809425354004,0.8117843866348267
harm-pressure-choice,honest,46,63066,0.7818055748939514,0.6287217736244202,-0.15308380126953125,0.8041920065879822
harm-pressure-choice,honest,47,8369,1.173783540725708,1.0213724374771118,-0.1524111032485962,0.8701540231704712
harm-pressure-choice,honest,48,17137,0.5989832282066345,0.4471025764942169,-0.1518806517124176,0.7464358806610107
harm-pressure-choice,honest,49,43377,1.0360249280929565,0.8846303224563599,-0.15139460563659668,0.8538697361946106
harm-pressure-choice,honest,50,12069,0.7109798789024353,0.5595962405204773,-0.151383638381958,0.7870774865150452
harm-pressure-knowledge-report,deceptive,1,54280,1.3969601392745972,1.9833413362503052,0.586381196975708,1.4197551012039185
harm-pressure-knowledge-report,deceptive,2,59268,3.6465280055999756,4.222246170043945,0.5757181644439697,1.1578811407089233
harm-pressure-knowledge-report,deceptive,3,42976,0.5578641295433044,1.1219664812088013,0.5641023516654968,2.0111823081970215
harm-pressure-knowledge-report,deceptive,4,8379,1.1869913339614868,1.7468019723892212,0.5598106384277344,1.4716215133666992
harm-pressure-knowledge-report,deceptive,5,65508,0.6393339037895203,1.1006323099136353,0.461298406124115,1.7215297222137451
harm-pressure-knowledge-report,deceptive,6,41393,1.562059760093689,2.013848304748535,0.4517885446548462,1.2892261743545532
harm-pressure-knowledge-report,deceptive,7,11706,0.247568741440773,0.6978905200958252,0.4503217935562134,2.818976640701294
harm-pressure-knowledge-report,deceptive,8,44519,2.2175354957580566,2.662081003189087,0.4445455074310303,1.2004683017730713
harm-pressure-knowledge-report,deceptive,9,54282,1.1877245903015137,1.6143399477005005,0.4266153573989868,1.359187126159668
harm-pressure-knowledge-report,deceptive,10,46781,1.004038691520691,1.4150878190994263,0.41104912757873535,1.409395694732666
harm-pressure-knowledge-report,deceptive,11,32781,0.5930384993553162,1.002335786819458,0.40929728746414185,1.6901698112487793
harm-pressure-knowledge-report,deceptive,12,7325,0.8214640617370605,1.2299221754074097,0.4084581136703491,1.4972318410873413
harm-pressure-knowledge-report,deceptive,13,9378,1.253897786140442,1.6605868339538574,0.4066890478134155,1.3243398666381836
harm-pressure-knowledge-report,deceptive,14,55281,0.40744563937187195,0.8138599395751953,0.40641430020332336,1.9974687099456787
harm-pressure-knowledge-report,deceptive,15,4436,0.8239275217056274,1.2244219779968262,0.40049445629119873,1.4860796928405762
harm-pressure-knowledge-report,deceptive,16,57585,2.5519049167633057,2.951261520385742,0.3993566036224365,1.1564935445785522
harm-pressure-knowledge-report,deceptive,17,15402,1.1404293775558472,1.5331796407699585,0.39275026321411133,1.3443880081176758
harm-pressure-knowledge-report,deceptive,18,15456,0.5979336500167847,0.9893115758895874,0.39137792587280273,1.6545507907867432
harm-pressure-knowledge-report,deceptive,19,37155,0.9209699034690857,1.3085659742355347,0.387596070766449,1.4208563566207886
harm-pressure-knowledge-report,deceptive,20,22074,0.41714322566986084,0.8032636046409607,0.38612037897109985,1.9256302118301392
harm-pressure-knowledge-report,deceptive,21,48303,1.4371559619903564,1.8225178718566895,0.385361909866333,1.2681419849395752
harm-pressure-knowledge-report,deceptive,22,10836,0.5467590093612671,0.9307413101196289,0.3839823007583618,1.702288031578064
harm-pressure-knowledge-report,deceptive,23,12573,0.5088549256324768,0.8924866318702698,0.38363170623779297,1.7539117336273193
harm-pressure-knowledge-report,deceptive,24,35402,0.836052656173706,1.2180888652801514,0.3820362091064453,1.4569523334503174
harm-pressure-knowledge-report,deceptive,25,30839,0.4352075159549713,0.8168249130249023,0.38161739706993103,1.8768631219863892
harm-pressure-knowledge-report,deceptive,26,19840,0.8415359258651733,1.218870759010315,0.3773348331451416,1.4483882188796997
harm-pressure-knowledge-report,deceptive,27,48284,0.359737366437912,0.7319628596305847,0.37222549319267273,2.034714460372925
harm-pressure-knowledge-report,deceptive,28,51805,1.6615281105041504,2.033698081970215,0.37216997146606445,1.2239925861358643
harm-pressure-knowledge-report,deceptive,29,64705,1.292466163635254,1.6640796661376953,0.3716135025024414,1.287522792816162
harm-pressure-knowledge-report,deceptive,30,22531,2.893826961517334,3.2628984451293945,0.36907148361206055,1.127537488937378
harm-pressure-knowledge-report,deceptive,31,13381,1.218772053718567,1.5876235961914062,0.36885154247283936,1.3026419878005981
harm-pressure-knowledge-report,deceptive,32,63961,1.067915678024292,1.4339656829833984,0.36605000495910645,1.3427704572677612
harm-pressure-knowledge-report,deceptive,33,6125,0.23816567659378052,0.6020578145980835,0.363892138004303,2.527894973754883
harm-pressure-knowledge-report,deceptive,34,53890,0.687183678150177,1.0506572723388672,0.3634735941886902,1.5289322137832642
harm-pressure-knowledge-report,deceptive,35,42450,1.2804678678512573,1.6434531211853027,0.3629852533340454,1.2834786176681519
harm-pressure-knowledge-report,deceptive,36,9651,0.9182462692260742,1.2802678346633911,0.3620215654373169,1.3942532539367676
harm-pressure-knowledge-report,deceptive,37,10347,1.3208234310150146,1.681348204612732,0.3605247735977173,1.2729545831680298
harm-pressure-knowledge-report,deceptive,38,21836,0.7281610369682312,1.0879323482513428,0.3597713112831116,1.4940820932388306
harm-pressure-knowledge-report,deceptive,39,31492,1.010891079902649,1.3640782833099365,0.3531872034072876,1.3493820428848267
harm-pressure-knowledge-report,deceptive,40,2795,1.2956641912460327,1.648781418800354,0.3531172275543213,1.2725375890731812
harm-pressure-knowledge-report,deceptive,41,30233,1.0004148483276367,1.3526958227157593,0.35228097438812256,1.3521349430084229
harm-pressure-knowledge-report,deceptive,42,21949,1.7811614274978638,2.130502223968506,0.3493407964706421,1.1961308717727661
harm-pressure-knowledge-report,deceptive,43,57048,0.9474350810050964,1.2966820001602173,0.34924691915512085,1.3686236143112183
harm-pressure-knowledge-report,deceptive,44,55308,0.5934322476387024,0.9421219825744629,0.3486897349357605,1.5875813961029053
harm-pressure-knowledge-report,deceptive,45,17884,0.568706214427948,0.9166868329048157,0.3479806184768677,1.611881136894226
harm-pressure-knowledge-report,deceptive,46,9398,0.6992399096488953,1.0453124046325684,0.3460724949836731,1.4949266910552979
harm-pressure-knowledge-report,deceptive,47,41654,1.8742730617523193,2.219001531600952,0.3447284698486328,1.1839264631271362
harm-pressure-knowledge-report,deceptive,48,62262,0.9667379856109619,1.311337947845459,0.34459996223449707,1.3564563989639282
harm-pressure-knowledge-report,deceptive,49,57968,1.8216907978057861,2.166059970855713,0.34436917304992676,1.1890381574630737
harm-pressure-knowledge-report,deceptive,50,53776,0.4348425269126892,0.7786775231361389,0.3438349962234497,1.790711522102356
harm-pressure-knowledge-report,honest,1,27783,0.8561288118362427,0.3268519341945648,-0.5292768478393555,0.38177892565727234
harm-pressure-knowledge-report,honest,2,6363,0.9820201992988586,0.46364498138427734,-0.5183752179145813,0.4721338450908661
harm-pressure-knowledge-report,honest,3,1594,2.4459779262542725,1.9407036304473877,-0.5052742958068848,0.7934264540672302
harm-pressure-knowledge-report,honest,4,45008,0.4979555308818817,0.05067763105034828,-0.44727790355682373,0.10177139937877655
harm-pressure-knowledge-report,honest,5,59238,1.1418135166168213,0.7064138650894165,-0.4353996515274048,0.6186770796775818
harm-pressure-knowledge-report,honest,6,47386,0.6128681898117065,0.18622712790966034,-0.426641047000885,0.3038616180419922
harm-pressure-knowledge-report,honest,7,2297,1.1707953214645386,0.7470314502716064,-0.42376387119293213,0.6380546689033508
harm-pressure-knowledge-report,honest,8,9598,0.789775550365448,0.37018293142318726,-0.41959261894226074,0.46871915459632874
harm-pressure-knowledge-report,honest,9,64229,0.9785493016242981,0.5607108473777771,-0.417838454246521,0.5730021595954895
harm-pressure-knowledge-report,honest,10,32170,0.6161366105079651,0.20550192892551422,-0.41063469648361206,0.33353304862976074
harm-pressure-knowledge-report,honest,11,3097,1.6253234148025513,1.2166296243667603,-0.408693790435791,0.7485461831092834
harm-pressure-knowledge-report,honest,12,11460,0.7367737889289856,0.3293958008289337,-0.4073779881000519,0.4470786154270172
harm-pressure-knowledge-report,honest,13,49181,0.7925888895988464,0.3902980387210846,-0.40229085087776184,0.49243441224098206
harm-pressure-knowledge-report,honest,14,52937,0.4562015235424042,0.05767622962594032,-0.39852529764175415,0.1264270842075348
harm-pressure-knowledge-report,honest,15,45362,0.9870896339416504,0.5988667011260986,-0.38822293281555176,0.6066994071006775
harm-pressure-knowledge-report,honest,16,576,0.721790611743927,0.3344113826751709,-0.3873792290687561,0.46330803632736206
harm-pressure-knowledge-report,honest,17,42604,1.2552977800369263,0.8708528876304626,-0.3844448924064636,0.6937420964241028
harm-pressure-knowledge-report,honest,18,35345,1.693997859954834,1.3110805749893188,-0.38291728496551514,0.7739564776420593
harm-pressure-knowledge-report,honest,19,17137,0.43384405970573425,0.05758538842201233,-0.3762586712837219,0.13273291289806366
harm-pressure-knowledge-report,honest,20,8337,1.3622221946716309,0.986906111240387,-0.3753160834312439,0.7244824767112732
harm-pressure-knowledge-report,honest,21,2008,0.9833705425262451,0.6083890795707703,-0.37498146295547485,0.6186773777008057
harm-pressure-knowledge-report,honest,22,8505,2.381173610687256,2.0124988555908203,-0.36867475509643555,0.8451709747314453
harm-pressure-knowledge-report,honest,23,21781,0.7567350268363953,0.3899778425693512,-0.36675718426704407,0.515342652797699
harm-pressure-knowledge-report,honest,24,34735,1.1520156860351562,0.7868395447731018,-0.36517614126205444,0.6830111145973206
harm-pressure-knowledge-report,honest,25,14180,1.3612573146820068,0.9966030716896057,-0.3646542429924011,0.7321195602416992
harm-pressure-knowledge-report,honest,26,58061,1.959888219833374,1.5980302095413208,-0.3618580102920532,0.8153680562973022
harm-pressure-knowledge-report,honest,27,2831,0.4627636969089508,0.10166064649820328,-0.3611030578613281,0.2196815460920334
harm-pressure-knowledge-report,honest,28,17954,0.6619223356246948,0.302232563495636,-0.35968977212905884,0.4565982222557068
harm-pressure-knowledge-report,honest,29,14699,2.041058301925659,1.6814547777175903,-0.35960352420806885,0.8238151669502258
harm-pressure-knowledge-report,honest,30,1519,0.8133461475372314,0.45448747277259827,-0.3588586747646332,0.5587872862815857
harm-pressure-knowledge-report,honest,31,56752,1.0320875644683838,0.6746346354484558,-0.357452929019928,0.6536602973937988
harm-pressure-knowledge-report,honest,32,36515,1.0773169994354248,0.7210168838500977,-0.35630011558532715,0.6692708730697632
harm-pressure-knowledge-report,honest,33,38728,1.3150033950805664,0.9609993100166321,-0.3540040850639343,0.7307960391044617
harm-pressure-knowledge-report,honest,34,52966,1.2218090295791626,0.8716700673103333,-0.35013896226882935,0.7134258151054382
harm-pressure-knowledge-report,honest,35,20486,1.1274323463439941,0.7781914472579956,-0.34924089908599854,0.6902334094047546
harm-pressure-knowledge-report,honest,36,25026,0.8793980479240417,0.5318929553031921,-0.3475050926208496,0.6048375368118286
harm-pressure-knowledge-report,honest,37,10044,0.9819205403327942,0.6354364156723022,-0.34648412466049194,0.6471362709999084
harm-pressure-knowledge-report,honest,38,60953,2.0589540004730225,1.7141236066818237,-0.34483039379119873,0.8325215578079224
harm-pressure-knowledge-report,honest,39,64815,1.893525242805481,1.5495598316192627,-0.34396541118621826,0.8183465600013733
harm-pressure-knowledge-report,honest,40,12521,0.9599389433860779,0.6179237961769104,-0.3420151472091675,0.6437115669250488
harm-pressure-knowledge-report,honest,41,15313,1.1099357604980469,0.7687923908233643,-0.3411433696746826,0.6926458477973938
harm-pressure-knowledge-report,honest,42,6157,1.4184989929199219,1.0789562463760376,-0.3395427465438843,0.7606323957443237
harm-pressure-knowledge-report,honest,43,9403,0.5718355774879456,0.23254695534706116,-0.3392886221408844,0.4066675305366516
harm-pressure-knowledge-report,honest,44,38333,1.5163525342941284,1.17781662940979,-0.3385359048843384,0.7767432928085327
harm-pressure-knowledge-report,honest,45,518,1.1626062393188477,0.8266557455062866,-0.33595049381256104,0.711036741733551
harm-pressure-knowledge-report,honest,46,12413,3.3075504302978516,2.9741315841674805,-0.3334188461303711,0.8991946578025818
harm-pressure-knowledge-report,honest,47,64621,1.4383544921875,1.105520486831665,-0.33283400535583496,0.7686008214950562
harm-pressure-knowledge-report,honest,48,20815,1.185302734375,0.8532541990280151,-0.33204853534698486,0.7198618054389954
harm-pressure-knowledge-report,honest,49,54483,1.218848705291748,0.8880844712257385,-0.3307642340660095,0.7286256551742554
harm-pressure-knowledge-report,honest,50,16821,1.2876224517822266,0.9586728811264038,-0.32894957065582275,0.7445294857025146
soft-trigger,deceptive,1,32860,0.40954169631004333,0.9056207537651062,0.49607905745506287,2.2113029956817627
soft-trigger,deceptive,2,955,0.3684447109699249,0.8164120316505432,0.4479673206806183,2.2158331871032715
soft-trigger,deceptive,3,51734,1.3651232719421387,1.8085192441940308,0.4433959722518921,1.3248028755187988
soft-trigger,deceptive,4,52923,0.3788629472255707,0.8171722292900085,0.43830928206443787,2.156907320022583
soft-trigger,deceptive,5,31065,0.7520244717597961,1.1884664297103882,0.43644195795059204,1.5803560018539429
soft-trigger,deceptive,6,24298,1.3160407543182373,1.7452929019927979,0.42925214767456055,1.3261693716049194
soft-trigger,deceptive,7,32713,1.4404469728469849,1.8514323234558105,0.4109853506088257,1.2853178977966309
soft-trigger,deceptive,8,4436,0.6491663455963135,1.0574398040771484,0.40827345848083496,1.6289196014404297
soft-trigger,deceptive,9,30432,0.447222501039505,0.838253915309906,0.391031414270401,1.874355435371399
soft-trigger,deceptive,10,18904,3.0802230834960938,3.4711084365844727,0.3908853530883789,1.126901626586914
soft-trigger,deceptive,11,1937,0.8734367489814758,1.259088397026062,0.3856516480445862,1.4415335655212402
soft-trigger,deceptive,12,43045,1.8992820978164673,2.2755544185638428,0.3762723207473755,1.198112964630127
soft-trigger,deceptive,13,29611,2.032571792602539,2.404308795928955,0.371737003326416,1.1828899383544922
soft-trigger,deceptive,14,2969,1.0580737590789795,1.4284584522247314,0.37038469314575195,1.3500556945800781
soft-trigger,deceptive,15,26784,2.4267852306365967,2.7946252822875977,0.367840051651001,1.1515750885009766
soft-trigger,deceptive,16,19151,1.033205509185791,1.3903015851974487,0.3570960760116577,1.345619559288025
soft-trigger,deceptive,17,46709,0.8041023015975952,1.1568809747695923,0.35277867317199707,1.4387235641479492
soft-trigger,deceptive,18,15562,0.7916181087493896,1.1443812847137451,0.35276317596435547,1.4456229209899902
soft-trigger,deceptive,19,36274,1.3394807577133179,1.6856609582901,0.3461802005767822,1.2584435939788818
soft-trigger,deceptive,20,44469,1.8209238052368164,2.1628949642181396,0.34197115898132324,1.1878008842468262
soft-trigger,deceptive,21,21763,1.155095100402832,1.4938304424285889,0.33873534202575684,1.2932531833648682
soft-trigger,deceptive,22,51848,0.4906565248966217,0.8260350823402405,0.3353785574436188,1.6835302114486694
soft-trigger,deceptive,23,14929,0.5327399373054504,0.8678679466247559,0.3351280093193054,1.629064917564392
soft-trigger,deceptive,24,54326,1.7094923257827759,2.037252426147461,0.32776010036468506,1.1917295455932617
soft-trigger,deceptive,25,23768,1.1510250568389893,1.4771572351455688,0.3261321783065796,1.2833406925201416
soft-trigger,deceptive,26,18852,0.7785353064537048,1.1033384799957275,0.3248031735420227,1.4171977043151855
soft-trigger,deceptive,27,21949,1.4547702074050903,1.7788212299346924,0.32405102252960205,1.2227506637573242
soft-trigger,deceptive,28,5760,2.392914056777954,2.7168893814086914,0.3239753246307373,1.1353894472122192
soft-trigger,deceptive,29,39963,0.6450111269950867,0.9686723351478577,0.323661208152771,1.5017917156219482
soft-trigger,deceptive,30,64740,1.1261776685714722,1.4447400569915771,0.318562388420105,1.2828704118728638
soft-trigger,deceptive,31,28130,0.8365642428398132,1.154801368713379,0.3182371258735657,1.3804097175598145
soft-trigger,deceptive,32,54414,1.2113401889801025,1.5280860662460327,0.3167458772659302,1.2614837884902954
soft-trigger,deceptive,33,53196,3.0162456035614014,3.332929849624634,0.3166842460632324,1.1049928665161133
soft-trigger,deceptive,34,16131,2.0938973426818848,2.4065375328063965,0.3126401901245117,1.1493102312088013
soft-trigger,deceptive,35,22707,0.5343899726867676,0.8458102941513062,0.3114203214645386,1.5827585458755493
soft-trigger,deceptive,36,36249,0.47075575590133667,0.7821319699287415,0.3113762140274048,1.6614389419555664
soft-trigger,deceptive,37,23563,1.2934073209762573,1.6039623022079468,0.31055498123168945,1.2401061058044434
soft-trigger,deceptive,38,6759,0.4742126166820526,0.7846506834030151,0.3104380667209625,1.6546390056610107
soft-trigger,deceptive,39,49828,1.3526889085769653,1.6621880531311035,0.3094991445541382,1.2288029193878174
soft-trigger,deceptive,40,61592,1.1758253574371338,1.4816789627075195,0.30585360527038574,1.2601182460784912
soft-trigger,deceptive,41,19834,1.3451259136199951,1.648390531539917,0.3032646179199219,1.2254544496536255
soft-trigger,deceptive,42,29790,0.5868924856185913,0.8892947435379028,0.3024022579193115,1.515260100364685
soft-trigger,deceptive,43,64372,1.8813477754592896,2.18373703956604,0.3023892641067505,1.1607301235198975
soft-trigger,deceptive,44,10688,1.1006447076797485,1.4015945196151733,0.3009498119354248,1.2734304666519165
soft-trigger,deceptive,45,63411,1.2646135091781616,1.5638892650604248,0.2992757558822632,1.2366539239883423
soft-trigger,deceptive,46,34806,1.9998650550842285,2.297696590423584,0.29783153533935547,1.14892578125
soft-trigger,deceptive,47,22531,3.0018134117126465,3.2982430458068848,0.2964296340942383,1.0987502336502075
soft-trigger,deceptive,48,36894,1.2252414226531982,1.5198341608047485,0.2945927381515503,1.2404364347457886
soft-trigger,deceptive,49,32354,0.7317825555801392,1.0263497829437256,0.2945672273635864,1.402533769607544
soft-trigger,deceptive,50,44324,0.9451331496238708,1.2384312152862549,0.29329806566238403,1.3103245496749878
soft-trigger,honest,1,55209,3.4971494674682617,2.0664730072021484,-1.4306764602661133,0.5909020900726318
soft-trigger,honest,2,22964,1.1328895092010498,0.6289789080619812,-0.5039106011390686,0.5551987886428833
soft-trigger,honest,3,37931,0.9902270436286926,0.5431621670722961,-0.4470648765563965,0.5485228300094604
soft-trigger,honest,4,12272,3.08652925491333,2.658114433288574,-0.42841482162475586,0.8611985445022583
soft-trigger,honest,5,538,1.245941162109375,0.8282844424247742,-0.41765671968460083,0.664786159992218
soft-trigger,honest,6,56678,1.9679996967315674,1.5563132762908936,-0.41168642044067383,0.790809690952301
soft-trigger,honest,7,42136,1.6812723875045776,1.2736201286315918,-0.40765225887298584,0.7575334906578064
soft-trigger,honest,8,29289,1.2280646562576294,0.8380831480026245,-0.3899815082550049,0.6824421882629395
soft-trigger,honest,9,61133,1.916453242301941,1.5292878150939941,-0.3871654272079468,0.7979781627655029
soft-trigger,honest,10,40239,2.4427380561828613,2.058072566986084,-0.38466548919677734,0.842526912689209
soft-trigger,honest,11,32807,2.5019617080688477,2.121891975402832,-0.3800697326660156,0.8480913043022156
soft-trigger,honest,12,46787,0.813959538936615,0.4339013993740082,-0.3800581395626068,0.5330749154090881
soft-trigger,honest,13,57635,1.4360222816467285,1.068315029144287,-0.3677072525024414,0.7439404129981995
soft-trigger,honest,14,64109,2.17814302444458,1.8118736743927002,-0.3662693500518799,0.8318433165550232
soft-trigger,honest,15,12069,1.0169926881790161,0.6555418372154236,-0.36145085096359253,0.6445885300636292
soft-trigger,honest,16,55191,2.0815677642822266,1.721538782119751,-0.3600289821624756,0.8270394802093506
soft-trigger,honest,17,3938,2.4090747833251953,2.0522711277008057,-0.35680365562438965,0.851891815662384
soft-trigger,honest,18,29956,2.8207671642303467,2.468017339706421,-0.3527498245239258,0.8749454021453857
soft-trigger,honest,19,35297,2.270644426345825,1.923539638519287,-0.3471047878265381,0.8471338152885437
soft-trigger,honest,20,34698,1.7396539449691772,1.3945425748825073,-0.3451113700866699,0.8016206622123718
soft-trigger,honest,21,12387,1.633206844329834,1.2944457530975342,-0.3387610912322998,0.792579174041748
soft-trigger,honest,22,51644,1.2897106409072876,0.9598838090896606,-0.32982683181762695,0.7442629337310791
soft-trigger,honest,23,31726,1.7591174840927124,1.4330657720565796,-0.3260517120361328,0.8146504163742065
soft-trigger,honest,24,63246,1.4631946086883545,1.1415855884552002,-0.3216090202331543,0.7802007794380188
soft-trigger,honest,25,34274,1.6037145853042603,1.2823988199234009,-0.3213157653808594,0.79964280128479
soft-trigger,honest,26,30384,1.447713017463684,1.126404881477356,-0.3213081359863281,0.7780581116676331
soft-trigger,honest,27,54933,3.2312729358673096,2.911597490310669,-0.3196754455566406,0.9010682702064514
soft-trigger,honest,28,51944,1.6559410095214844,1.3370048999786377,-0.3189361095428467,0.8073988556861877
soft-trigger,honest,29,45210,1.5301141738891602,1.2129830121994019,-0.3171311616897583,0.7927402257919312
soft-trigger,honest,30,54566,0.7715919017791748,0.4544801115989685,-0.3171117901802063,0.5890161991119385
soft-trigger,honest,31,11977,2.848329782485962,2.5319316387176514,-0.31639814376831055,0.8889179825782776
soft-trigger,honest,32,25633,1.4109437465667725,1.0947210788726807,-0.3162226676940918,0.7758786082267761
soft-trigger,honest,33,39275,1.4486339092254639,1.1334329843521118,-0.31520092487335205,0.7824150323867798
soft-trigger,honest,34,27828,1.7864625453948975,1.4736558198928833,-0.31280672550201416,0.8249015808105469
soft-trigger,honest,35,36860,2.2590363025665283,1.9474451541900635,-0.31159114837646484,0.8620690107345581
soft-trigger,honest,36,8143,2.372518301010132,2.061732769012451,-0.31078553199768066,0.8690060377120972
soft-trigger,honest,37,1522,1.7072454690933228,1.3965703248977661,-0.31067514419555664,0.8180254697799683
soft-trigger,honest,38,26247,0.6557887196540833,0.3466729521751404,-0.30911576747894287,0.5286351442337036
soft-trigger,honest,39,37244,1.552756905555725,1.2443913221359253,-0.3083655834197998,0.8014076948165894
soft-trigger,honest,40,5423,1.62360417842865,1.3167526721954346,-0.30685150623321533,0.8110059499740601
soft-trigger,honest,41,34412,1.5554494857788086,1.248948574066162,-0.3065009117126465,0.8029502630233765
soft-trigger,honest,42,7947,1.5374200344085693,1.2312041521072388,-0.30621588230133057,0.8008248209953308
soft-trigger,honest,43,59393,1.309447169303894,1.0038264989852905,-0.3056206703186035,0.7666032910346985
soft-trigger,honest,44,8369,1.2179161310195923,0.9136366844177246,-0.3042794466018677,0.7501638531684875
soft-trigger,honest,45,17498,2.1093900203704834,1.8119179010391235,-0.29747211933135986,0.858977198600769
soft-trigger,honest,46,51492,1.4311153888702393,1.1337333917617798,-0.2973819971084595,0.7922026515007019
soft-trigger,honest,47,43377,0.8680205345153809,0.5706689953804016,-0.29735153913497925,0.6574372053146362
soft-trigger,honest,48,34727,0.9963688850402832,0.7002453804016113,-0.2961235046386719,0.7027972936630249
soft-trigger,honest,49,47690,1.9496899843215942,1.6556203365325928,-0.29406964778900146,0.8491711020469666
soft-trigger,honest,50,10195,1.2033718824386597,0.9098617434501648,-0.2935101389884949,0.7560935616493225
